Workbook

Sheet Raw_Telemetry
A1: Account_ID | B1: Distributor_Name | C1: Annual_Recurring_Revenue_USD | D1: Licensed_Field_Reps | E1: Active_Reps_Last_30_Days_Pct | F1: Weekly_Order_Volume_Trend_Pct | G1: Open_Support_Tickets | H1: Executive_Sponsor_Status
A2: ID-1001 | B2: Shree Balaji Distributors | C2: 400000 | D2: 322 | E2: 62 | F2: -8.3 | G2: 10 | H2: Passive
A3: ID-1002 | B3: Kumar Trading Co | C3: 394000 | D3: 249 | E3: 68 | F3: 0.5 | G3: 20 | H3: Engaged
A4: ID-1003 | B4: Apex Retail Supply | C4: 42000 | D4: 41 | E4: 82 | F4: 1.1 | G4: 8 | H4: Passive
A5: ID-1004 | B5: Ganpati Wholesale Mart | C5: 44000 | D5: 28 | E5: 68 | F5: -6.7 | G5: 6 | H5: Passive
A6: ID-1005 | B6: Nova Consumer Goods | C6: 302000 | D6: 298 | E6: 72 | F6: -0.5 | G6: 12 | H6: Engaged
A7: ID-1006 | B7: Sunrise Beverage Distribution | C7: 125000 | D7: 82 | E7: 97 | F7: 9.3 | G7: 1 | H7: Engaged
A8: ID-1007 | B8: Metro FMCG Partners | C8: 155000 | D8: 134 | E8: 96 | F8: 12.5 | G8: 1 | H8: Engaged
A9: ID-1008 | B9: Veer Sales Agency | C9: 178000 | D9: 148 | E9: 83 | F9: 1.4 | G9: 13 | H9: Engaged
A10: ID-1009 | B10: Gulf Coast Snack Distributors | C10: 28000 | D10: 24 | E10: 80 | F10: -16.6 | G10: 8 | H10: Engaged
A11: ID-1010 | B11: Orion Pantry Supply | C11: 47000 | D11: 47 | E11: 66 | F11: 3.2 | G11: 8 | H11: None
A12: ID-1011 | B12: Rajdhani Enterprises | C12: 125000 | D12: 117 | E12: 69 | F12: 4.9 | G12: 9 | H12: Passive
A13: ID-1012 | B13: BlueRiver Foods Distribution | C13: 444000 | D13: 438 | E13: 47 | F13: -9.7 | G13: 12 | H13: Passive
... A51: ID-1050 | B51: Yashoda Wholesale Mart | C51: 420000 | D51: 415 | E51: 56 | F51: -2.9 | G51: 10 | H51: None

Sheet Health_Model
A1: Account_ID | B1: Distributor_Name | C1: Annual_Recurring_Revenue_USD | D1: Licensed_Field_Reps | E1: Active_Reps_Last_30_Days_Pct | F1: Weekly_Order_Volume_Trend_Pct | G1: Open_Support_Tickets | H1: Executive_Sponsor_Status | I1: Adoption_Points | J1: Trend_Points | K1: Support_Points | L1: Sponsor_Points | M1: Health_Score | N1: Tier | O1: Churn_ARR | P1: Contraction_ARR | Q1: Expansion_ARR
A2: =Raw_Telemetry!A2 -> ID-1001 | B2: =Raw_Telemetry!B2 -> Shree Balaji Distributors | C2: =Raw_Telemetry!C2 -> 400000 | D2: =Raw_Telemetry!D2 -> 322 | E2: =Raw_Telemetry!E2 -> 62 | F2: =Raw_Telemetry!F2 -> -8.3 | G2: =Raw_Telemetry!G2 -> 10 | H2: =Raw_Telemetry!H2 -> Passive | I2: =E2 -> 62 | J2: =MEDIAN(0,(F2+20)*2.5,100) -> 29.25 | K2: =MAX(0,100-(G2*4)) -> 60 | L2: =_xlfn.IFS(H2="Engaged",100,H2="Passive",60,H2="None",25,H2="Champion Departed",10) -> 60 | M2: =ROUND(0.4*I2+0.25*J2+0.2*K2+0.15*L2,1) -> 53.1 | N2: =IF(M2>=72,"Green",IF(M2>=52,"Yellow","Red")) -> Yellow | O2: =IF(AND(N2="Red",OR(H2="None",H2="Champion Departed"),E2<45),C2,0) -> 0 | P2: =IF(AND(N2="Red",O2=0),C2*0.15,0) -> 0 | Q2: =IF(N2="Green",C2*0.18,0) -> 0
A3: =Raw_Telemetry!A3 -> ID-1002 | B3: =Raw_Telemetry!B3 -> Kumar Trading Co | C3: =Raw_Telemetry!C3 -> 394000 | D3: =Raw_Telemetry!D3 -> 249 | E3: =Raw_Telemetry!E3 -> 68 | F3: =Raw_Telemetry!F3 -> 0.5 | G3: =Raw_Telemetry!G3 -> 20 | H3: =Raw_Telemetry!H3 -> Engaged | I3: =E3 -> 68 | J3: =MEDIAN(0,(F3+20)*2.5,100) -> 51.25 | K3: =MAX(0,100-(G3*4)) -> 20 | L3: =_xlfn.IFS(H3="Engaged",100,H3="Passive",60,H3="None",25,H3="Champion Departed",10) -> 100 | M3: =ROUND(0.4*I3+0.25*J3+0.2*K3+0.15*L3,1) -> 59 | N3: =IF(M3>=72,"Green",IF(M3>=52,"Yellow","Red")) -> Yellow | O3: =IF(AND(N3="Red",OR(H3="None",H3="Champion Departed"),E3<45),C3,0) -> 0 | P3: =IF(AND(N3="Red",O3=0),C3*0.15,0) -> 0 | Q3: =IF(N3="Green",C3*0.18,0) -> 0
A4: =Raw_Telemetry!A4 -> ID-1003 | B4: =Raw_Telemetry!B4 -> Apex Retail Supply | C4: =Raw_Telemetry!C4 -> 42000 | D4: =Raw_Telemetry!D4 -> 41 | E4: =Raw_Telemetry!E4 -> 82 | F4: =Raw_Telemetry!F4 -> 1.1 | G4: =Raw_Telemetry!G4 -> 8 | H4: =Raw_Telemetry!H4 -> Passive | I4: =E4 -> 82 | J4: =MEDIAN(0,(F4+20)*2.5,100) -> 52.75 | K4: =MAX(0,100-(G4*4)) -> 68 | L4: =_xlfn.IFS(H4="Engaged",100,H4="Passive",60,H4="None",25,H4="Champion Departed",10) -> 60 | M4: =ROUND(0.4*I4+0.25*J4+0.2*K4+0.15*L4,1) -> 68.6 | N4: =IF(M4>=72,"Green",IF(M4>=52,"Yellow","Red")) -> Yellow | O4: =IF(AND(N4="Red",OR(H4="None",H4="Champion Departed"),E4<45),C4,0) -> 0 | P4: =IF(AND(N4="Red",O4=0),C4*0.15,0) -> 0 | Q4: =IF(N4="Green",C4*0.18,0) -> 0
A5: =Raw_Telemetry!A5 -> ID-1004 | B5: =Raw_Telemetry!B5 -> Ganpati Wholesale Mart | C5: =Raw_Telemetry!C5 -> 44000 | D5: =Raw_Telemetry!D5 -> 28 | E5: =Raw_Telemetry!E5 -> 68 | F5: =Raw_Telemetry!F5 -> -6.7 | G5: =Raw_Telemetry!G5 -> 6 | H5: =Raw_Telemetry!H5 -> Passive | I5: =E5 -> 68 | J5: =MEDIAN(0,(F5+20)*2.5,100) -> 33.25 | K5: =MAX(0,100-(G5*4)) -> 76 | L5: =_xlfn.IFS(H5="Engaged",100,H5="Passive",60,H5="None",25,H5="Champion Departed",10) -> 60 | M5: =ROUND(0.4*I5+0.25*J5+0.2*K5+0.15*L5,1) -> 59.7 | N5: =IF(M5>=72,"Green",IF(M5>=52,"Yellow","Red")) -> Yellow | O5: =IF(AND(N5="Red",OR(H5="None",H5="Champion Departed"),E5<45),C5,0) -> 0 | P5: =IF(AND(N5="Red",O5=0),C5*0.15,0) -> 0 | Q5: =IF(N5="Green",C5*0.18,0) -> 0
A6: =Raw_Telemetry!A6 -> ID-1005 | B6: =Raw_Telemetry!B6 -> Nova Consumer Goods | C6: =Raw_Telemetry!C6 -> 302000 | D6: =Raw_Telemetry!D6 -> 298 | E6: =Raw_Telemetry!E6 -> 72 | F6: =Raw_Telemetry!F6 -> -0.5 | G6: =Raw_Telemetry!G6 -> 12 | H6: =Raw_Telemetry!H6 -> Engaged | I6: =E6 -> 72 | J6: =MEDIAN(0,(F6+20)*2.5,100) -> 48.75 | K6: =MAX(0,100-(G6*4)) -> 52 | L6: =_xlfn.IFS(H6="Engaged",100,H6="Passive",60,H6="None",25,H6="Champion Departed",10) -> 100 | M6: =ROUND(0.4*I6+0.25*J6+0.2*K6+0.15*L6,1) -> 66.4 | N6: =IF(M6>=72,"Green",IF(M6>=52,"Yellow","Red")) -> Yellow | O6: =IF(AND(N6="Red",OR(H6="None",H6="Champion Departed"),E6<45),C6,0) -> 0 | P6: =IF(AND(N6="Red",O6=0),C6*0.15,0) -> 0 | Q6: =IF(N6="Green",C6*0.18,0) -> 0
A7: =Raw_Telemetry!A7 -> ID-1006 | B7: =Raw_Telemetry!B7 -> Sunrise Beverage Distribution | C7: =Raw_Telemetry!C7 -> 125000 | D7: =Raw_Telemetry!D7 -> 82 | E7: =Raw_Telemetry!E7 -> 97 | F7: =Raw_Telemetry!F7 -> 9.3 | G7: =Raw_Telemetry!G7 -> 1 | H7: =Raw_Telemetry!H7 -> Engaged | I7: =E7 -> 97 | J7: =MEDIAN(0,(F7+20)*2.5,100) -> 73.25 | K7: =MAX(0,100-(G7*4)) -> 96 | L7: =_xlfn.IFS(H7="Engaged",100,H7="Passive",60,H7="None",25,H7="Champion Departed",10) -> 100 | M7: =ROUND(0.4*I7+0.25*J7+0.2*K7+0.15*L7,1) -> 91.3 | N7: =IF(M7>=72,"Green",IF(M7>=52,"Yellow","Red")) -> Green | O7: =IF(AND(N7="Red",OR(H7="None",H7="Champion Departed"),E7<45),C7,0) -> 0 | P7: =IF(AND(N7="Red",O7=0),C7*0.15,0) -> 0 | Q7: =IF(N7="Green",C7*0.18,0) -> 22500
A8: =Raw_Telemetry!A8 -> ID-1007 | B8: =Raw_Telemetry!B8 -> Metro FMCG Partners | C8: =Raw_Telemetry!C8 -> 155000 | D8: =Raw_Telemetry!D8 -> 134 | E8: =Raw_Telemetry!E8 -> 96 | F8: =Raw_Telemetry!F8 -> 12.5 | G8: =Raw_Telemetry!G8 -> 1 | H8: =Raw_Telemetry!H8 -> Engaged | I8: =E8 -> 96 | J8: =MEDIAN(0,(F8+20)*2.5,100) -> 81.25 | K8: =MAX(0,100-(G8*4)) -> 96 | L8: =_xlfn.IFS(H8="Engaged",100,H8="Passive",60,H8="None",25,H8="Champion Departed",10) -> 100 | M8: =ROUND(0.4*I8+0.25*J8+0.2*K8+0.15*L8,1) -> 92.9 | N8: =IF(M8>=72,"Green",IF(M8>=52,"Yellow","Red")) -> Green | O8: =IF(AND(N8="Red",OR(H8="None",H8="Champion Departed"),E8<45),C8,0) -> 0 | P8: =IF(AND(N8="Red",O8=0),C8*0.15,0) -> 0 | Q8: =IF(N8="Green",C8*0.18,0) -> 27900
A9: =Raw_Telemetry!A9 -> ID-1008 | B9: =Raw_Telemetry!B9 -> Veer Sales Agency | C9: =Raw_Telemetry!C9 -> 178000 | D9: =Raw_Telemetry!D9 -> 148 | E9: =Raw_Telemetry!E9 -> 83 | F9: =Raw_Telemetry!F9 -> 1.4 | G9: =Raw_Telemetry!G9 -> 13 | H9: =Raw_Telemetry!H9 -> Engaged | I9: =E9 -> 83 | J9: =MEDIAN(0,(F9+20)*2.5,100) -> 53.5 | K9: =MAX(0,100-(G9*4)) -> 48 | L9: =_xlfn.IFS(H9="Engaged",100,H9="Passive",60,H9="None",25,H9="Champion Departed",10) -> 100 | M9: =ROUND(0.4*I9+0.25*J9+0.2*K9+0.15*L9,1) -> 71.2 | N9: =IF(M9>=72,"Green",IF(M9>=52,"Yellow","Red")) -> Yellow | O9: =IF(AND(N9="Red",OR(H9="None",H9="Champion Departed"),E9<45),C9,0) -> 0 | P9: =IF(AND(N9="Red",O9=0),C9*0.15,0) -> 0 | Q9: =IF(N9="Green",C9*0.18,0) -> 0
A10: =Raw_Telemetry!A10 -> ID-1009 | B10: =Raw_Telemetry!B10 -> Gulf Coast Snack Distributors | C10: =Raw_Telemetry!C10 -> 28000 | D10: =Raw_Telemetry!D10 -> 24 | E10: =Raw_Telemetry!E10 -> 80 | F10: =Raw_Telemetry!F10 -> -16.6 | G10: =Raw_Telemetry!G10 -> 8 | H10: =Raw_Telemetry!H10 -> Engaged | I10: =E10 -> 80 | J10: =MEDIAN(0,(F10+20)*2.5,100) -> 8.5 | K10: =MAX(0,100-(G10*4)) -> 68 | L10: =_xlfn.IFS(H10="Engaged",100,H10="Passive",60,H10="None",25,H10="Champion Departed",10) -> 100 | M10: =ROUND(0.4*I10+0.25*J10+0.2*K10+0.15*L10,1) -> 62.7 | N10: =IF(M10>=72,"Green",IF(M10>=52,"Yellow","Red")) -> Yellow | O10: =IF(AND(N10="Red",OR(H10="None",H10="Champion Departed"),E10<45),C10,0) -> 0 | P10: =IF(AND(N10="Red",O10=0),C10*0.15,0) -> 0 | Q10: =IF(N10="Green",C10*0.18,0) -> 0
A11: =Raw_Telemetry!A11 -> ID-1010 | B11: =Raw_Telemetry!B11 -> Orion Pantry Supply | C11: =Raw_Telemetry!C11 -> 47000 | D11: =Raw_Telemetry!D11 -> 47 | E11: =Raw_Telemetry!E11 -> 66 | F11: =Raw_Telemetry!F11 -> 3.2 | G11: =Raw_Telemetry!G11 -> 8 | H11: =Raw_Telemetry!H11 -> None | I11: =E11 -> 66 | J11: =MEDIAN(0,(F11+20)*2.5,100) -> 58 | K11: =MAX(0,100-(G11*4)) -> 68 | L11: =_xlfn.IFS(H11="Engaged",100,H11="Passive",60,H11="None",25,H11="Champion Departed",10) -> 25 | M11: =ROUND(0.4*I11+0.25*J11+0.2*K11+0.15*L11,1) -> 58.3 | N11: =IF(M11>=72,"Green",IF(M11>=52,"Yellow","Red")) -> Yellow | O11: =IF(AND(N11="Red",OR(H11="None",H11="Champion Departed"),E11<45),C11,0) -> 0 | P11: =IF(AND(N11="Red",O11=0),C11*0.15,0) -> 0 | Q11: =IF(N11="Green",C11*0.18,0) -> 0
A12: =Raw_Telemetry!A12 -> ID-1011 | B12: =Raw_Telemetry!B12 -> Rajdhani Enterprises | C12: =Raw_Telemetry!C12 -> 125000 | D12: =Raw_Telemetry!D12 -> 117 | E12: =Raw_Telemetry!E12 -> 69 | F12: =Raw_Telemetry!F12 -> 4.9 | G12: =Raw_Telemetry!G12 -> 9 | H12: =Raw_Telemetry!H12 -> Passive | I12: =E12 -> 69 | J12: =MEDIAN(0,(F12+20)*2.5,100) -> 62.25 | K12: =MAX(0,100-(G12*4)) -> 64 | L12: =_xlfn.IFS(H12="Engaged",100,H12="Passive",60,H12="None",25,H12="Champion Departed",10) -> 60 | M12: =ROUND(0.4*I12+0.25*J12+0.2*K12+0.15*L12,1) -> 65 | N12: =IF(M12>=72,"Green",IF(M12>=52,"Yellow","Red")) -> Yellow | O12: =IF(AND(N12="Red",OR(H12="None",H12="Champion Departed"),E12<45),C12,0) -> 0 | P12: =IF(AND(N12="Red",O12=0),C12*0.15,0) -> 0 | Q12: =IF(N12="Green",C12*0.18,0) -> 0
A13: =Raw_Telemetry!A13 -> ID-1012 | B13: =Raw_Telemetry!B13 -> BlueRiver Foods Distribution | C13: =Raw_Telemetry!C13 -> 444000 | D13: =Raw_Telemetry!D13 -> 438 | E13: =Raw_Telemetry!E13 -> 47 | F13: =Raw_Telemetry!F13 -> -9.7 | G13: =Raw_Telemetry!G13 -> 12 | H13: =Raw_Telemetry!H13 -> Passive | I13: =E13 -> 47 | J13: =MEDIAN(0,(F13+20)*2.5,100) -> 25.75 | K13: =MAX(0,100-(G13*4)) -> 52 | L13: =_xlfn.IFS(H13="Engaged",100,H13="Passive",60,H13="None",25,H13="Champion Departed",10) -> 60 | M13: =ROUND(0.4*I13+0.25*J13+0.2*K13+0.15*L13,1) -> 44.6 | N13: =IF(M13>=72,"Green",IF(M13>=52,"Yellow","Red")) -> Red | O13: =IF(AND(N13="Red",OR(H13="None",H13="Champion Departed"),E13<45),C13,0) -> 0 | P13: =IF(AND(N13="Red",O13=0),C13*0.15,0) -> 66600 | Q13: =IF(N13="Green",C13*0.18,0) -> 0
... A51: =Raw_Telemetry!A51 -> ID-1050 | B51: =Raw_Telemetry!B51 -> Yashoda Wholesale Mart | C51: =Raw_Telemetry!C51 -> 420000 | D51: =Raw_Telemetry!D51 -> 415 | E51: =Raw_Telemetry!E51 -> 56 | F51: =Raw_Telemetry!F51 -> -2.9 | G51: =Raw_Telemetry!G51 -> 10 | H51: =Raw_Telemetry!H51 -> None | I51: =E51 -> 56 | J51: =MEDIAN(0,(F51+20)*2.5,100) -> 42.75 | K51: =MAX(0,100-(G51*4)) -> 60 | L51: =_xlfn.IFS(H51="Engaged",100,H51="Passive",60,H51="None",25,H51="Champion Departed",10) -> 25 | M51: =ROUND(0.4*I51+0.25*J51+0.2*K51+0.15*L51,1) -> 48.8 | N51: =IF(M51>=72,"Green",IF(M51>=52,"Yellow","Red")) -> Red | O51: =IF(AND(N51="Red",OR(H51="None",H51="Champion Departed"),E51<45),C51,0) -> 0 | P51: =IF(AND(N51="Red",O51=0),C51*0.15,0) -> 63000 | Q51: =IF(N51="Green",C51*0.18,0) -> 0

Sheet NRR_Summary
A1: Portfolio NRR & Financial Summary
A3: Starting ARR | B3: =SUM(Health_Model!C2:C51) -> 10126000
A4: Gross Churn ARR | B4: =SUM(Health_Model!O2:O51) -> 856000
A5: Contraction ARR | B5: =SUM(Health_Model!P2:P51) -> 307650
A6: Expansion ARR | B6: =SUM(Health_Model!Q2:Q51) -> 870480
A7: Ending ARR | B7: =B3-B4-B5+B6 -> 9832830
A8: Net Revenue Retention (NRR) | B8: =IFERROR(B7/B3,"n/a") -> 0.9710478
A9: Gross Revenue Retention (GRR) | B9: =IFERROR((B3-B4-B5)/B3,"n/a") -> 0.88508295
A11: Tier Breakdown (ARR)
A12: Green ARR | B12: =SUMIF(Health_Model!N2:N51,"Green",Health_Model!C2:C51) -> 4836000
A13: Yellow ARR | B13: =SUMIF(Health_Model!N2:N51,"Yellow",Health_Model!C2:C51) -> 2383000
A14: Red ARR | B14: =SUMIF(Health_Model!N2:N51,"Red",Health_Model!C2:C51) -> 2907000
A15: Green Accounts | B15: =COUNTIF(Health_Model!N2:N51,"Green") -> 22
A16: Yellow Accounts | B16: =COUNTIF(Health_Model!N2:N51,"Yellow") -> 16
A17: Red Accounts | B17: =COUNTIF(Health_Model!N2:N51,"Red") -> 12
A19: Diagnostic Pivots
A20: Avg Adoption — Engaged Sponsor | B20: =AVERAGEIF(Health_Model!H2:H51,"Engaged",Health_Model!E2:E51) -> 80.217391
A21: Avg Adoption — Non-Engaged Sponsor | B21: =AVERAGEIF(Health_Model!H2:H51,"<>Engaged",Health_Model!E2:E51) -> 58.666667
A22: Sponsorship Adoption Gap (pts) | B22: =B20-B21 -> 21.550725
A23: ARR Below 70% Adoption Floor | B23: =SUMIF(Health_Model!E2:E51,"<70",Health_Model!C2:C51) -> 4377000
A24: Accounts Below 70% Adoption Floor | B24: =COUNTIF(Health_Model!E2:E51,"<70") -> 22
A25: Logo Churn Rate | B25: =COUNTIF(Health_Model!O2:O51,">0")/COUNTA(Health_Model!A2:A51) -> 0.08
A27: Note: contraction (15%) and expansion (18%) rates are modelled assumptions, not observed renewal data. See documentation/excel_health_scoring_model.md §6 for full model limitations.
